V1,V2,V3
Q2.1,role_primary,"{""ImportId"":""QID2""}"
Q2.2,role_student_employee,"{""ImportId"":""QID8""}"
Q2.3,role_office_location,"{""ImportId"":""QID9""}"
Q3.1,bg_license,"{""ImportId"":""QID15""}"
Q3.2_1,bg_limit - Walking,"{""ImportId"":""QID13_1""}"
Q3.2_2,bg_limit - Bicycling,"{""ImportId"":""QID13_2""}"
Q3.2_3,bg_limit - Driving,"{""ImportId"":""QID13_3""}"
Q3.2_4,bg_limit - Using public transit,"{""ImportId"":""QID13_4""}"
Q3.3,bg_gender,"{""ImportId"":""QID12""}"
Q3.4_1,bg_available_modes - Selected Choice - Walk (or wheelchair),"{""ImportId"":""QID16"",""choiceId"":""1""}"
Q3.4_23,bg_available_modes - Selected Choice - Electric-assist bike (e-bike),"{""ImportId"":""QID16"",""choiceId"":""23""}"
Q3.4_3,bg_available_modes - Selected Choice - Bike,"{""ImportId"":""QID16"",""choiceId"":""3""}"
Q3.4_24,bg_available_modes - Selected Choice - Stand up electric scooter (e-scooter),"{""ImportId"":""QID16"",""choiceId"":""24""}"
Q3.4_25,bg_available_modes - Selected Choice - Electric skateboard (e-skateboard),"{""ImportId"":""QID16"",""choiceId"":""25""}"
Q3.4_2,"bg_available_modes - Selected Choice - Skates, conventional skateboard, or  kick scooter","{""ImportId"":""QID16"",""choiceId"":""2""}"
Q3.4_6,bg_available_modes - Selected Choice - Drive alone in a car (or other vehicle),"{""ImportId"":""QID16"",""choiceId"":""6""}"
Q3.4_7,bg_available_modes - Selected Choice - Carpool and/or vanpool with others going to campus,"{""ImportId"":""QID16"",""choiceId"":""7""}"
Q3.4_8,bg_available_modes - Selected Choice - Get dropped off by a friend or family (the driver continues on elsewhere),"{""ImportId"":""QID16"",""choiceId"":""8""}"
Q3.4_14,"bg_available_modes - Selected Choice - Lyft, Uber, or other ride-hailing service","{""ImportId"":""QID16"",""choiceId"":""14""}"
Q3.4_5,bg_available_modes - Selected Choice - Motorcycle or Vespa-like scooter,"{""ImportId"":""QID16"",""choiceId"":""5""}"
Q3.4_9,bg_available_modes - Selected Choice - Bus and/or shuttle,"{""ImportId"":""QID16"",""choiceId"":""9""}"
Q3.4_10,bg_available_modes - Selected Choice - Train (Amtrak),"{""ImportId"":""QID16"",""choiceId"":""10""}"
Q3.4_22,bg_available_modes - Selected Choice - Other:,"{""ImportId"":""QID16"",""choiceId"":""22""}"
Q3.4_22_TEXT,bg_available_modes - Other: - Text,"{""ImportId"":""QID16_22_TEXT""}"
Q3.5_5,bg_available_ebike - E-bike that I own,"{""ImportId"":""QID375"",""choiceId"":""5""}"
Q3.5_6,bg_available_ebike - E-bike that I borrow or rent long term,"{""ImportId"":""QID375"",""choiceId"":""6""}"
Q3.5_3,bg_available_ebike - SPIN,"{""ImportId"":""QID375"",""choiceId"":""3""}"
Q3.6_1,bg_available_escooter - E-scooter that I own,"{""ImportId"":""QID661"",""choiceId"":""1""}"
Q3.6_4,bg_available_escooter - E-scooter that I borrow or rent long term,"{""ImportId"":""QID661"",""choiceId"":""4""}"
Q3.6_3,bg_available_escooter - SPIN,"{""ImportId"":""QID661"",""choiceId"":""3""}"
Q3.7_1,bg_available_pool - Carpool,"{""ImportId"":""QID378"",""choiceId"":""1""}"
Q3.7_2,bg_available_pool - Vanpool,"{""ImportId"":""QID378"",""choiceId"":""2""}"
Q3.8_1,bg_available_bus - Selected Choice - Unitrans,"{""ImportId"":""QID376"",""choiceId"":""1""}"
Q3.8_2,bg_available_bus - Selected Choice - Yolobus,"{""ImportId"":""QID376"",""choiceId"":""2""}"
Q3.8_9,bg_available_bus - Selected Choice - Bee Line Microtransit,"{""ImportId"":""QID376"",""choiceId"":""9""}"
Q3.8_4,bg_available_bus - Selected Choice - Sacramento Regional Transit,"{""ImportId"":""QID376"",""choiceId"":""4""}"
Q3.8_5,bg_available_bus - Selected Choice - UC Berkeley/Davis Shuttle,"{""ImportId"":""QID376"",""choiceId"":""5""}"
Q3.8_7,bg_available_bus - Selected Choice - Causeway Connection (UCD/UCDMC Intercampus Shuttle),"{""ImportId"":""QID376"",""choiceId"":""7""}"
Q3.8_8,bg_available_bus - Selected Choice - FlixBus,"{""ImportId"":""QID376"",""choiceId"":""8""}"
Q3.8_10,bg_available_bus - Selected Choice - Solano Express,"{""ImportId"":""QID376"",""choiceId"":""10""}"
Q3.8_6,bg_available_bus - Selected Choice - Other:,"{""ImportId"":""QID376"",""choiceId"":""6""}"
Q3.8_6_TEXT,bg_available_bus - Other: - Text,"{""ImportId"":""QID376_6_TEXT""}"
Q3.9,bg_transit_pass - Selected Choice,"{""ImportId"":""QID343""}"
Q3.9_5_TEXT,bg_transit_pass - Yes - Other: - Text,"{""ImportId"":""QID343_5_TEXT""}"
Q3.10,bg_res,"{""ImportId"":""QID18""}"
Q4.1_1,travel_days - Monday,"{""ImportId"":""QID24"",""choiceId"":""1""}"
Q4.1_2,travel_days - Tuesday,"{""ImportId"":""QID24"",""choiceId"":""2""}"
Q4.1_3,travel_days - Wednesday,"{""ImportId"":""QID24"",""choiceId"":""3""}"
Q4.1_4,travel_days - Thursday,"{""ImportId"":""QID24"",""choiceId"":""4""}"
Q4.1_5,travel_days - Friday,"{""ImportId"":""QID24"",""choiceId"":""5""}"
Q4.1_6,travel_days - Saturday,"{""ImportId"":""QID24"",""choiceId"":""6""}"
Q4.1_7,travel_days - Sunday,"{""ImportId"":""QID24"",""choiceId"":""7""}"
Q4.1_8,travel_days - I did not travel to campus destinations for school or work last week,"{""ImportId"":""QID24"",""choiceId"":""8""}"
Q5.1,nt_reason - Selected Choice,"{""ImportId"":""QID25""}"
Q5.1_6_TEXT,nt_reason - Other: - Text,"{""ImportId"":""QID25_6_TEXT""}"
Q5.2_1,nt_reason_day - Monday,"{""ImportId"":""QID721_1""}"
Q5.2_2,nt_reason_day - Tuesday,"{""ImportId"":""QID721_2""}"
Q5.2_3,nt_reason_day - Wednesday,"{""ImportId"":""QID721_3""}"
Q5.2_4,nt_reason_day - Thursday,"{""ImportId"":""QID721_4""}"
Q5.2_5,nt_reason_day - Friday,"{""ImportId"":""QID721_5""}"
Q5.3,nt_resume,"{""ImportId"":""QID27""}"
Q6.1,usual_days,"{""ImportId"":""QID28""}"
Q6.2,usual_mode - Selected Choice,"{""ImportId"":""QID29""}"
Q6.2_22_TEXT,usual_mode - Other: - Text,"{""ImportId"":""QID29_x22_TEXT""}"
Q6.3,usual_bus - Selected Choice,"{""ImportId"":""QID496""}"
Q6.3_6_TEXT,usual_bus - Other: - Text,"{""ImportId"":""QID496_x6_TEXT""}"
Q6.4,usual_campus - Selected Choice,"{""ImportId"":""QID30""}"
Q6.4_10_TEXT,usual_campus - Other: - Text,"{""ImportId"":""QID30_10_TEXT""}"
Q6.5,usual_time,"{""ImportId"":""QID31""}"
Q7.1_1,mode_all - Selected Choice - Walk (or wheelchair),"{""ImportId"":""QID33"",""choiceId"":""1""}"
Q7.1_23,mode_all - Selected Choice - Electric-assist bike (e-bike),"{""ImportId"":""QID33"",""choiceId"":""23""}"
Q7.1_3,mode_all - Selected Choice - Bike,"{""ImportId"":""QID33"",""choiceId"":""3""}"
Q7.1_24,mode_all - Selected Choice - Stand up electric scooter (e-scooter),"{""ImportId"":""QID33"",""choiceId"":""24""}"
Q7.1_25,mode_all - Selected Choice - Electric skateboard (e-skateboard),"{""ImportId"":""QID33"",""choiceId"":""25""}"
Q7.1_2,"mode_all - Selected Choice - Skates, conventional skateboard, or  kick scooter","{""ImportId"":""QID33"",""choiceId"":""2""}"
Q7.1_6,mode_all - Selected Choice - Drive alone in a car (or other vehicle),"{""ImportId"":""QID33"",""choiceId"":""6""}"
Q7.1_7,mode_all - Selected Choice - Carpool and/or vanpool with others going to campus,"{""ImportId"":""QID33"",""choiceId"":""7""}"
Q7.1_8,mode_all - Selected Choice - Get dropped off by a friend or family (the driver continues on elsewhere),"{""ImportId"":""QID33"",""choiceId"":""8""}"
Q7.1_14,"mode_all - Selected Choice - Lyft, Uber, or other ride-hailing service","{""ImportId"":""QID33"",""choiceId"":""14""}"
Q7.1_5,mode_all - Selected Choice - Motorcycle or Vespa-like scooter,"{""ImportId"":""QID33"",""choiceId"":""5""}"
Q7.1_9,mode_all - Selected Choice - Bus and/or shuttle,"{""ImportId"":""QID33"",""choiceId"":""9""}"
Q7.1_10,mode_all - Selected Choice - Train (Amtrak),"{""ImportId"":""QID33"",""choiceId"":""10""}"
Q7.1_22,mode_all - Selected Choice - Other:,"{""ImportId"":""QID33"",""choiceId"":""22""}"
Q7.1_22_TEXT,mode_all - Other: - Text,"{""ImportId"":""QID33_x22_TEXT""}"
Q7.2_1,mode_day - Monday,"{""ImportId"":""QID34_1""}"
Q7.2_2,mode_day - Tuesday,"{""ImportId"":""QID34_2""}"
Q7.2_3,mode_day - Wednesday,"{""ImportId"":""QID34_3""}"
Q7.2_4,mode_day - Thursday,"{""ImportId"":""QID34_4""}"
Q7.2_5,mode_day - Friday,"{""ImportId"":""QID34_5""}"
Q7.2_6,mode_day - Saturday,"{""ImportId"":""QID34_6""}"
Q7.2_7,mode_day - Sunday,"{""ImportId"":""QID34_7""}"
Q7.3_5,mode_ebike - E-bike that I own,"{""ImportId"":""QID382"",""choiceId"":""5""}"
Q7.3_6,mode_ebike - E-bike that I borrow or rent long term,"{""ImportId"":""QID382"",""choiceId"":""6""}"
Q7.3_3,mode_ebike - SPIN,"{""ImportId"":""QID382"",""choiceId"":""3""}"
Q7.4_1,mode_escooter - E-scooter that I own,"{""ImportId"":""QID674"",""choiceId"":""1""}"
Q7.4_4,mode_escooter - E-scooter that I borrow or rent long term,"{""ImportId"":""QID674"",""choiceId"":""4""}"
Q7.4_3,mode_escooter - SPIN,"{""ImportId"":""QID674"",""choiceId"":""3""}"
Q7.5,mode_dropoff,"{""ImportId"":""QID36_TEXT""}"
Q7.6,mode_vehicle,"{""ImportId"":""QID40""}"
Q7.7,mode_park,"{""ImportId"":""QID43""}"
Q7.8,mode_park_mode - Selected Choice,"{""ImportId"":""QID44""}"
Q7.8_15_TEXT,mode_park_mode - Other: - Text,"{""ImportId"":""QID44_15_TEXT""}"
Q7.9,mode_pool,"{""ImportId"":""QID35""}"
Q7.10,mode_pool_number,"{""ImportId"":""QID381_TEXT""}"
Q7.11,mode_bus - Selected Choice,"{""ImportId"":""QID384""}"
Q7.11_6_TEXT,mode_bus - Other: - Text,"{""ImportId"":""QID384_x6_TEXT""}"
Q7.12,mode_unitrans,"{""ImportId"":""QID659""}"
Q7.13,mode_residence_station - Selected Choice,"{""ImportId"":""QID576""}"
Q7.13_23_TEXT,mode_residence_station - Other: - Text,"{""ImportId"":""QID576_23_TEXT""}"
Q7.14,mode_station_campus - Selected Choice,"{""ImportId"":""QID578""}"
Q7.14_23_TEXT,mode_station_campus - Other: - Text,"{""ImportId"":""QID578_23_TEXT""}"
Q8.1,summer_weeks,"{""ImportId"":""QID38""}"
Q8.2,summer_daysperweek,"{""ImportId"":""QID39""}"
Q9.1,last_year_at_ucd,"{""ImportId"":""QID621""}"
Q9.2_1,last_year_modes - E-bike,"{""ImportId"":""QID600_4""}"
Q9.2_2,last_year_modes - Bike,"{""ImportId"":""QID600_5""}"
Q9.2_3,last_year_modes - E-scooter,"{""ImportId"":""QID600_6""}"
Q9.2_4,last_year_modes - E-skateboard,"{""ImportId"":""QID600_10""}"
Q9.2_5,"last_year_modes - Skates, conventional skateboard, or  kick scooter","{""ImportId"":""QID600_7""}"
Q10.1_5,safety_number - Walk (or wheelchair),"{""ImportId"":""QID715_5""}"
Q10.1_9,safety_number - E-bike,"{""ImportId"":""QID715_x4""}"
Q10.1_10,safety_number - Bike,"{""ImportId"":""QID715_x5""}"
Q10.1_11,safety_number - E-scooter,"{""ImportId"":""QID715_x6""}"
Q10.1_15,safety_number - E-skateboard,"{""ImportId"":""QID715_x10""}"
Q10.1_12,"safety_number - Skates, conventional skateboard, or  kick scooter","{""ImportId"":""QID715_x7""}"
Q10.2_1,safety_severity - Walk (or wheelchair),"{""ImportId"":""QID719_1""}"
Q10.2_2,safety_severity - E-bike,"{""ImportId"":""QID719_2""}"
Q10.2_3,safety_severity - Bike,"{""ImportId"":""QID719_3""}"
Q10.2_4,safety_severity - E-scooter,"{""ImportId"":""QID719_4""}"
Q10.2_5,safety_severity - E-skateboard,"{""ImportId"":""QID719_5""}"
Q10.2_6,"safety_severity - Skates, conventional skateboard, or kick scooter","{""ImportId"":""QID719_6""}"
Q10.3,safety_walk_type,"{""ImportId"":""QID718""}"
Q10.5,safety_ebike_type,"{""ImportId"":""QID610""}"
Q10.7,safety_bike_type,"{""ImportId"":""QID626""}"
Q10.9,safety_escooter_type,"{""ImportId"":""QID627""}"
Q10.11,safety_eskate_type,"{""ImportId"":""QID649""}"
Q10.13,safety_skate_type,"{""ImportId"":""QID628""}"
Q11.1,theft_victim,"{""ImportId"":""QID586""}"
Q11.2,theft_locked_to,"{""ImportId"":""QID644""}"
Q11.3_1,theft_lock_type - Selected Choice - A cable lock,"{""ImportId"":""QID588"",""choiceId"":""1""}"
Q11.3_2,theft_lock_type - Selected Choice - A chain lock,"{""ImportId"":""QID588"",""choiceId"":""2""}"
Q11.3_3,theft_lock_type - Selected Choice - A U-lock,"{""ImportId"":""QID588"",""choiceId"":""3""}"
Q11.3_4,theft_lock_type - Selected Choice - Another type of lock:,"{""ImportId"":""QID588"",""choiceId"":""4""}"
Q11.3_4_TEXT,theft_lock_type - Another type of lock: - Text,"{""ImportId"":""QID588_4_TEXT""}"
Q11.4,theft_notify,"{""ImportId"":""QID590""}"
Q12.1_1,ts_awareness - Aggie Bike Buy at the Bike Barn,"{""ImportId"":""QID47_2""}"
Q12.1_2,"ts_awareness - Transportation Services Motorist Assistance (lock out, jump-starts, etc.)","{""ImportId"":""QID47_8""}"
Q12.1_3,ts_awareness - Transportation Services Mobility Assistance Shuttle,"{""ImportId"":""QID47_11""}"
Q12.1_4,ts_awareness - ParkMobile/AggiePark/Amp Park,"{""ImportId"":""QID47_10""}"
Q12.1_5,ts_awareness - Zipcar Carshare at UC Davis,"{""ImportId"":""QID47_5""}"
Q12.1_6,ts_awareness - Yolobus/SacRT Route 138 - Causeway Connection,"{""ImportId"":""QID47_3""}"
Q12.1_7,ts_awareness - Bike Program Lock-Cutting Service,"{""ImportId"":""QID47_4""}"
Q12.1_8,ts_awareness - Bike Registration via Bike Index,"{""ImportId"":""QID47_7""}"
Q12.1_9,"ts_awareness - Helmet Hair, Don't Care","{""ImportId"":""QID47_9""}"
Q12.1_10,ts_awareness - Bike Theft Reporting via UC Davis Police,"{""ImportId"":""QID47_14""}"
Q12.1_11,ts_awareness - The Transportation and Parking Administrative Advisory Committee (TPAAC),"{""ImportId"":""QID47_12""}"
Q12.1_12,ts_awareness - Lit Not Hit,"{""ImportId"":""QID47_16""}"
Q12.1_13,ts_awareness - SPIN bike-share and scooter-share service,"{""ImportId"":""QID47_17""}"
Q13.2,housing_spaces,"{""ImportId"":""QID489""}"
Q13.3_1,housing_satisfaction - Characteristics of the residence itself,"{""ImportId"":""QID493_1""}"
Q13.3_2,housing_satisfaction - Location of your residence within your neighborhood,"{""ImportId"":""QID493_2""}"
Q13.3_3,housing_satisfaction - Characteristics of the neighborhood itself,"{""ImportId"":""QID493_3""}"
Q13.3_4,housing_satisfaction - Location of your city in the region,"{""ImportId"":""QID493_5""}"
Q13.4,housing_unexpected - Selected Choice,"{""ImportId"":""QID491""}"
Q13.4_8_TEXT,housing_unexpected - Other: - Text,"{""ImportId"":""QID491_8_TEXT""}"
Q13.5,housing_prefer,"{""ImportId"":""QID454""}"
Q13.6_1,housing_od_factors - Cost of housing,"{""ImportId"":""QID455"",""choiceId"":""1""}"
Q13.6_3,housing_od_factors - Commute time for another person in my household,"{""ImportId"":""QID455"",""choiceId"":""3""}"
Q13.6_4,housing_od_factors - Public transportation access,"{""ImportId"":""QID455"",""choiceId"":""4""}"
Q13.6_14,housing_od_factors - Availability of housing,"{""ImportId"":""QID455"",""choiceId"":""14""}"
Q13.6_5,housing_od_factors - Housing options or choice,"{""ImportId"":""QID455"",""choiceId"":""5""}"
Q13.6_19,housing_od_factors - Proximity to family or friends,"{""ImportId"":""QID455"",""choiceId"":""19""}"
Q13.6_7,"housing_od_factors - Proximity to shops, restaurants, services, etc.","{""ImportId"":""QID455"",""choiceId"":""7""}"
Q13.6_16,"housing_od_factors - Variety or quality of shops, restaurants, services, etc.","{""ImportId"":""QID455"",""choiceId"":""16""}"
Q13.6_20,housing_od_factors - Safe neighborhoods,"{""ImportId"":""QID455"",""choiceId"":""20""}"
Q13.6_9,housing_od_factors - School choice,"{""ImportId"":""QID455"",""choiceId"":""9""}"
Q13.6_10,housing_od_factors - Proximity to parks or nature,"{""ImportId"":""QID455"",""choiceId"":""10""}"
Q13.6_11,housing_od_factors - Walkable or bikeable neighborhoods,"{""ImportId"":""QID455"",""choiceId"":""11""}"
Q13.6_12,housing_od_factors - Ease of driving places,"{""ImportId"":""QID455"",""choiceId"":""12""}"
Q13.6_13,housing_od_factors - Quiet neighborhoods,"{""ImportId"":""QID455"",""choiceId"":""13""}"
Q13.7_1,housing_od_importance - Cost of housing,"{""ImportId"":""QID533_x1""}"
Q13.7_2,housing_od_importance - Commute time for another person in my household,"{""ImportId"":""QID533_x3""}"
Q13.7_3,housing_od_importance - Public transportation access,"{""ImportId"":""QID533_x4""}"
Q13.7_4,housing_od_importance - Availability of housing,"{""ImportId"":""QID533_x14""}"
Q13.7_5,housing_od_importance - Housing options or choice,"{""ImportId"":""QID533_x5""}"
Q13.7_6,housing_od_importance - Proximity to family or friends,"{""ImportId"":""QID533_x19""}"
Q13.7_7,"housing_od_importance - Proximity to shops, restaurants, services, etc.","{""ImportId"":""QID533_x7""}"
Q13.7_8,"housing_od_importance - Variety or quality of shops, restaurants, services, etc.","{""ImportId"":""QID533_x16""}"
Q13.7_9,housing_od_importance - Safe neighborhoods,"{""ImportId"":""QID533_x20""}"
Q13.7_10,housing_od_importance - School choice,"{""ImportId"":""QID533_x9""}"
Q13.7_11,housing_od_importance - Proximity to parks or nature,"{""ImportId"":""QID533_x10""}"
Q13.7_12,housing_od_importance - Walkable or bikeable neighborhoods,"{""ImportId"":""QID533_x11""}"
Q13.7_13,housing_od_importance - Ease of driving places,"{""ImportId"":""QID533_x12""}"
Q13.7_14,housing_od_importance - Quiet neighborhoods,"{""ImportId"":""QID533_x13""}"
Q13.8_1,housing_search - Did not pay the full amount of rent or mortgage,"{""ImportId"":""QID482"",""choiceId"":""1""}"
Q13.8_2,housing_search - Did not pay the full amount of utilities,"{""ImportId"":""QID482"",""choiceId"":""2""}"
Q13.8_3,housing_search - Moved 2 or more times,"{""ImportId"":""QID482"",""choiceId"":""3""}"
Q13.8_4,housing_search - Doubled up in a bedroom (without a lease agreement for the room),"{""ImportId"":""QID482"",""choiceId"":""4""}"
Q13.8_5,housing_search - Moved in with other people due to financial problems,"{""ImportId"":""QID482"",""choiceId"":""5""}"
Q13.8_10,housing_search - Moved because of raised rent or mortgage,"{""ImportId"":""QID482"",""choiceId"":""10""}"
Q13.8_7,housing_search - Regularly skipped meals to pay for living expenses,"{""ImportId"":""QID482"",""choiceId"":""7""}"
Q13.8_9,housing_search - None of these happened to me,"{""ImportId"":""QID482"",""choiceId"":""9""}"
Q13.9_1,housing_insecurity - Kicked out of residence by family or housemates,"{""ImportId"":""QID483"",""choiceId"":""1""}"
Q13.9_2,housing_insecurity - Legally evicted,"{""ImportId"":""QID483"",""choiceId"":""2""}"
Q13.9_3,housing_insecurity - Stayed in a shelter,"{""ImportId"":""QID483"",""choiceId"":""3""}"
Q13.9_4,"housing_insecurity - Stayed in an auto, campus building, or another public building","{""ImportId"":""QID483"",""choiceId"":""4""}"
Q13.9_5,housing_insecurity - Did not know where I was going to sleep for one or more nights,"{""ImportId"":""QID483"",""choiceId"":""5""}"
Q13.9_6,"housing_insecurity - Stayed temporarily with a friend or acquaintance while looking for housing (""couch surfed"")","{""ImportId"":""QID483"",""choiceId"":""6""}"
Q13.9_7,housing_insecurity - Did not have a home,"{""ImportId"":""QID483"",""choiceId"":""7""}"
Q13.9_9,housing_insecurity - Slept outside (non-recreationally),"{""ImportId"":""QID483"",""choiceId"":""9""}"
Q13.9_10,housing_insecurity - None of these happened to me,"{""ImportId"":""QID483"",""choiceId"":""10""}"
Q13.10_1,housing_problems - Expensive rent/mortgage,"{""ImportId"":""QID486"",""choiceId"":""1""}"
Q13.10_2,housing_problems - No in-unit kitchen,"{""ImportId"":""QID486"",""choiceId"":""2""}"
Q13.10_3,housing_problems - No in-unit washer and dryer,"{""ImportId"":""QID486"",""choiceId"":""3""}"
Q13.10_4,housing_problems - Difficult to find parking,"{""ImportId"":""QID486"",""choiceId"":""4""}"
Q13.10_5,"housing_problems - Unaddressed pest issues (e.g. mold, bugs)","{""ImportId"":""QID486"",""choiceId"":""5""}"
Q13.10_6,"housing_problems - Unaddressed maintenance issues (e.g. broken heat, plumbing, electrical)","{""ImportId"":""QID486"",""choiceId"":""6""}"
Q13.10_7,housing_problems - Poor treatment by landlord/leasing company,"{""ImportId"":""QID486"",""choiceId"":""7""}"
Q13.10_8,housing_problems - Poor lease terms,"{""ImportId"":""QID486"",""choiceId"":""8""}"
Q13.10_9,"housing_problems - Neighborhood concerns (e.g. noise, crime, safety)","{""ImportId"":""QID486"",""choiceId"":""9""}"
Q13.10_10,housing_problems - Safety concerns with structure,"{""ImportId"":""QID486"",""choiceId"":""10""}"
Q13.10_11,housing_problems - Overcrowding or sharing bedrooms,"{""ImportId"":""QID486"",""choiceId"":""11""}"
Q13.10_12,housing_problems - Too far from campus,"{""ImportId"":""QID486"",""choiceId"":""12""}"
Q13.10_13,"housing_problems - Too far from amenities (e.g. shopping, entertainment)","{""ImportId"":""QID486"",""choiceId"":""13""}"
Q13.10_14,housing_problems - No pets allowed,"{""ImportId"":""QID486"",""choiceId"":""14""}"
Q13.10_15,housing_problems - Overly restrictive rules,"{""ImportId"":""QID486"",""choiceId"":""15""}"
Q13.10_16,housing_problems - Poor access to transit,"{""ImportId"":""QID486"",""choiceId"":""16""}"
Q13.10_17,housing_problems - Too far from public schools,"{""ImportId"":""QID486"",""choiceId"":""17""}"
Q13.10_18,housing_problems - Too far from parks and green spaces,"{""ImportId"":""QID486"",""choiceId"":""18""}"
Q13.10_19,housing_problems - Could not choose my housemates/roommates,"{""ImportId"":""QID486"",""choiceId"":""19""}"
Q13.10_20,housing_problems - Conflict with housemates/roommates,"{""ImportId"":""QID486"",""choiceId"":""20""}"
Q13.10_22,housing_problems - I experience none of these,"{""ImportId"":""QID486"",""choiceId"":""22""}"
Q53_19,attitudes_travel - Traveling to campus stresses me out.,"{""ImportId"":""QID49_19""}"
Q53_2,attitudes_travel - I like riding a bike.,"{""ImportId"":""QID49_2""}"
Q93_36,attitudes_travel - I feel safe traveling to campus.,"{""ImportId"":""QID49_36""}"
Q53_12,attitudes_travel - I feel safe walking or using a wheelchair on campus.,"{""ImportId"":""QID49_13""}"
Q53_10,attitudes_travel - I feel safe biking on campus.,"{""ImportId"":""QID49_11""}"
Q53_35,attitudes_travel - My commute is expensive.,"{""ImportId"":""QID49_35""}"
Q14.2,attitudes_unitrans - Selected Choice,"{""ImportId"":""QID487""}"
Q14.2_6_TEXT,attitudes_unitrans - Other: - Text,"{""ImportId"":""QID487_6_TEXT""}"
Q14.3_1,attitudes_unitrans_importance - Selected Choice - My bus picking me up at its scheduled time,"{""ImportId"":""QID488"",""choiceId"":""1""}"
Q14.3_5,attitudes_unitrans_importance - Selected Choice - My bus arriving to campus on time,"{""ImportId"":""QID488"",""choiceId"":""5""}"
Q14.3_2,attitudes_unitrans_importance - Selected Choice - Having enough space on the bus when it gets to my stop,"{""ImportId"":""QID488"",""choiceId"":""2""}"
Q14.3_3,attitudes_unitrans_importance - Selected Choice - Not being harassed on the bus,"{""ImportId"":""QID488"",""choiceId"":""3""}"
Q14.3_4,attitudes_unitrans_importance - Selected Choice - Buses running frequently enough that I don't have to know the schedule,"{""ImportId"":""QID488"",""choiceId"":""4""}"
Q14.3_7,attitudes_unitrans_importance - Selected Choice - Bus stops near my home and where I need to go,"{""ImportId"":""QID488"",""choiceId"":""7""}"
Q14.3_9,attitudes_unitrans_importance - Selected Choice - Convenience of paying the fare,"{""ImportId"":""QID488"",""choiceId"":""9""}"
Q14.3_10,attitudes_unitrans_importance - Selected Choice - Being able to sit down on the bus,"{""ImportId"":""QID488"",""choiceId"":""10""}"
Q14.3_11,attitudes_unitrans_importance - Selected Choice - Ability to work on the bus,"{""ImportId"":""QID488"",""choiceId"":""11""}"
Q14.3_8,attitudes_unitrans_importance - Selected Choice - Other:,"{""ImportId"":""QID488"",""choiceId"":""8""}"
Q14.3_8_TEXT,attitudes_unitrans_importance - Other: - Text,"{""ImportId"":""QID488_8_TEXT""}"
Q14.4,attitudes_bike_ability,"{""ImportId"":""QID50""}"
Q14.5,attitudes_bike_comfort,"{""ImportId"":""QID51""}"
Q15.1,spin_awareness,"{""ImportId"":""QID662""}"
Q15.2_1,"spin_not_used - Selected Choice - I have my own bike, e-bike, or e-scooter","{""ImportId"":""QID669"",""choiceId"":""1""}"
Q15.2_2,"spin_not_used - Selected Choice - I do not know how to ride a bike, e-bike, or e-scooter","{""ImportId"":""QID669"",""choiceId"":""2""}"
Q15.2_3,"spin_not_used - Selected Choice - I do not feel comfortable riding a bike, e-bike, or e-scooter","{""ImportId"":""QID669"",""choiceId"":""3""}"
Q15.2_4,spin_not_used - Selected Choice - SPIN is too expensive,"{""ImportId"":""QID669"",""choiceId"":""4""}"
Q15.2_5,spin_not_used - Selected Choice - SPIN bikes or scooters are not available when and where I need them,"{""ImportId"":""QID669"",""choiceId"":""5""}"
Q15.2_6,spin_not_used - Selected Choice - Other:,"{""ImportId"":""QID669"",""choiceId"":""6""}"
Q15.2_6_TEXT,spin_not_used - Other: - Text,"{""ImportId"":""QID669_6_TEXT""}"
Q15.3_1,spin_not_downloaded - Selected Choice - I do not plan to,"{""ImportId"":""QID670"",""choiceId"":""1""}"
Q15.3_2,spin_not_downloaded - Selected Choice - I have not gotten around to it,"{""ImportId"":""QID670"",""choiceId"":""2""}"
Q15.3_3,spin_not_downloaded - Selected Choice - I am not sure how to,"{""ImportId"":""QID670"",""choiceId"":""3""}"
Q15.3_4,spin_not_downloaded - Selected Choice - I do not have a smartphone,"{""ImportId"":""QID670"",""choiceId"":""4""}"
Q15.3_5,"spin_not_downloaded - Selected Choice - I have my own bike, e-bike, or e-scooter","{""ImportId"":""QID670"",""choiceId"":""5""}"
Q15.3_6,"spin_not_downloaded - Selected Choice - I do not know how to ride a bike, e-bike, or e-scooter","{""ImportId"":""QID670"",""choiceId"":""6""}"
Q15.3_7,"spin_not_downloaded - Selected Choice - I do not feel comfortable riding a bike, e-bike, or e-scooter","{""ImportId"":""QID670"",""choiceId"":""7""}"
Q15.3_8,spin_not_downloaded - Selected Choice - SPIN is too expensive,"{""ImportId"":""QID670"",""choiceId"":""8""}"
Q15.3_9,spin_not_downloaded - Selected Choice - SPIN bikes or scooters are not available when and where I need them,"{""ImportId"":""QID670"",""choiceId"":""9""}"
Q15.3_10,spin_not_downloaded - Selected Choice - Other:,"{""ImportId"":""QID670"",""choiceId"":""10""}"
Q15.3_10_TEXT,spin_not_downloaded - Other: - Text,"{""ImportId"":""QID670_10_TEXT""}"
Q15.4,spin_pay_rate,"{""ImportId"":""QID671""}"
Q15.5,spin_devices,"{""ImportId"":""QID672""}"
Q15.6_1,spin_how - To travel between home and campus,"{""ImportId"":""QID673"",""choiceId"":""1""}"
Q15.6_3,spin_how - To travel to and from other locations off campus,"{""ImportId"":""QID673"",""choiceId"":""3""}"
Q15.6_4,spin_how - To travel to and from the train station,"{""ImportId"":""QID673"",""choiceId"":""4""}"
Q15.6_2,spin_how - To get around campus,"{""ImportId"":""QID673"",""choiceId"":""2""}"
Q15.6_5,spin_how - To travel to and from a bus stop,"{""ImportId"":""QID673"",""choiceId"":""5""}"
Q15.6_6,spin_how - Just for fun or exercise,"{""ImportId"":""QID673"",""choiceId"":""6""}"
Q15.7,spin_frequency,"{""ImportId"":""QID668""}"
Q24.1,demographics_dob,"{""ImportId"":""QID440""}"
Q24.2,demographics_education,"{""ImportId"":""QID485""}"
Q24.3_1,demographics_describe - Selected Choice - American Indian or Alaska Native,"{""ImportId"":""QID517"",""choiceId"":""1""}"
Q24.3_2,demographics_describe - Selected Choice - Asian,"{""ImportId"":""QID517"",""choiceId"":""2""}"
Q24.3_3,demographics_describe - Selected Choice - Black or African American,"{""ImportId"":""QID517"",""choiceId"":""3""}"
Q24.3_4,"demographics_describe - Selected Choice - Hispanic, Latino, or Spanish origin","{""ImportId"":""QID517"",""choiceId"":""4""}"
Q24.3_5,demographics_describe - Selected Choice - Middle Easterner or North African,"{""ImportId"":""QID517"",""choiceId"":""5""}"
Q24.3_6,demographics_describe - Selected Choice - Native Hawaiian or other Pacific Islander,"{""ImportId"":""QID517"",""choiceId"":""6""}"
Q24.3_8,demographics_describe - Selected Choice - White,"{""ImportId"":""QID517"",""choiceId"":""8""}"
Q24.3_7,"demographics_describe - Selected Choice - A race, ethnicity, or origin that is not listed","{""ImportId"":""QID517"",""choiceId"":""7""}"
Q24.3_10,demographics_describe - Selected Choice - Prefer not to answer,"{""ImportId"":""QID517"",""choiceId"":""10""}"
Q24.3_7_TEXT,"demographics_describe - A race, ethnicity, or origin that is not listed - Text","{""ImportId"":""QID517_7_TEXT""}"
Q24.4,demographics_car_support,"{""ImportId"":""QID237""}"